submission_date,tot_cases,conf_cases,prob_cases,new_case,pnew_case,tot_death,conf_death,prob_death,new_death,pnew_death
01/01/2021,20381151,11758228.0,1025301.0,229386,26616.0,365126,218621.0,21866.0,3008,191.0
01/02/2021,20605437,11915245.0,1038687.0,224286,20063.0,367459,220021.0,22023.0,2333,255.0
01/03/2021,20810860,12042759.0,1050779.0,205423,19541.0,369451,221050.0,22170.0,1992,227.0
01/04/2021,20985719,12134292.0,1065969.0,174859,26329.0,371609,222054.0,22338.0,2158,289.0
01/05/2021,21230780,12761235.0,1142215.0,245061,39488.0,375152,224172.0,22626.0,3543,395.0
01/06/2021,21490558,12899876.0,1170872.0,259778,45385.0,379027,226013.0,22980.0,3875,460.0
01/07/2021,21761640,13055372.0,1195555.0,271082,38207.0,383037,228484.0,23240.0,4010,506.0
01/08/2021,22055663,13238882.0,1219247.0,294023,38393.0,386850,230662.0,23519.0,3813,559.0
01/09/2021,22310845,13400064.0,1240841.0,255182,30752.0,390159,232526.0,23711.0,3309,431.0
01/10/2021,22534374,13542957.0,1254704.0,223529,22236.0,392672,233984.0,23829.0,2513,257.0
01/11/2021,22738860,13673339.0,1269674.0,204486,23226.0,395355,235425.0,24038.0,2683,329.0
01/12/2021,22957552,13795757.0,1290747.0,218692,33454.0,398985,237361.0,24357.0,3630,597.0
01/13/2021,23186993,13926780.0,1314715.0,229441,37010.0,403073,239562.0,24692.0,4088,215.0
01/14/2021,23411276,14053072.0,1335061.0,224283,33755.0,406777,241614.0,24945.0,3704,574.0
01/15/2021,23651256,14194730.0,1354716.0,239980,31520.0,410182,243406.0,25198.0,3405,456.0
01/16/2021,23864081,14323623.0,1374483.0,212825,28230.0,413680,245490.0,25378.0,3498,262.0
01/17/2021,24046650,14442680.0,1386890.0,182569,15833.0,416225,246851.0,25529.0,2545,332.0
01/18/2021,24197852,14538681.0,1398334.0,151202,16874.0,418500,248096.0,25672.0,2275,304.0
01/19/2021,24349372,14624729.0,1416907.0,150936,26367.0,421243,249657.0,25894.0,2743,291.0
01/20/2021,24538642,14720213.0,1438742.0,189270,35193.0,425081,251669.0,26208.0,3838,692.0
01/21/2021,24728314,14819177.0,1460014.0,189672,32646.0,428909,253873.0,26462.0,3828,525.0
01/22/2020,0,0.0,0.0,0,0.0,0,0.0,0.0,0,0.0
01/22/2021,24918810,14926154.0,1478533.0,190496,29349.0,432580,256088.0,26731.0,3671,400.0
01/23/2020,1,0.0,0.0,1,0.0,0,0.0,0.0,0,0.0
01/23/2021,25083400,15023887.0,1494252.0,164590,22730.0,435523,257814.0,26919.0,2943,403.0
01/24/2020,2,0.0,0.0,1,0.0,0,0.0,0.0,0,0.0
01/24/2021,25226956,15111288.0,1506877.0,143556,18383.0,437981,259247.0,27026.0,2458,234.0
01/25/2020,2,0.0,0.0,0,0.0,0,0.0,0.0,0,0.0
01/25/2021,25360821,15197382.0,1518897.0,133865,16842.0,440113,260347.0,27204.0,2132,260.0
01/26/2020,3,0.0,0.0,1,0.0,0,0.0,0.0,0,0.0
01/26/2021,25508729,15271524.0,1535787.0,147908,26708.0,443652,262421.0,27503.0,3539,473.0
01/27/2020,3,0.0,0.0,0,0.0,0,0.0,0.0,0,0.0
01/27/2021,25668758,15355547.0,1556534.0,160029,31932.0,447644,264846.0,27759.0,3992,506.0
01/28/2020,3,0.0,0.0,0,0.0,0,0.0,0.0,0,0.0
01/28/2021,25825604,15437909.0,1575011.0,156846,28016.0,451466,267124.0,28061.0,3822,-1010.0
01/29/2020,3,0.0,0.0,0,0.0,0,0.0,0.0,0,0.0
01/29/2021,25989782,15522138.0,1595762.0,164178,31729.0,454705,269055.0,28294.0,3239,149.0
01/30/2020,3,0.0,0.0,0,0.0,0,0.0,0.0,0,0.0
01/30/2021,26127166,15600136.0,1607967.0,137384,19435.0,457436,270741.0,28430.0,2731,336.0
01/31/2020,4,0.0,0.0,1,0.0,0,0.0,0.0,0,0.0
01/31/2021,26238641,15666816.0,1616577.0,111475,13109.0,459700,271997.0,28531.0,2264,374.0
02/01/2020,5,0.0,0.0,1,0.0,0,0.0,0.0,0,0.0
02/01/2021,26367104,15727591.0,1626702.0,128463,18917.0,461977,273162.0,28692.0,2277,282.0
02/02/2020,8,3.0,0.0,3,0.0,0,0.0,0.0,0,0.0
02/02/2021,26489673,15784375.0,1645591.0,122569,27781.0,464945,275029.0,28975.0,2968,388.0
02/03/2020,11,6.0,0.0,3,0.0,0,0.0,0.0,0,0.0
02/03/2021,26599951,15837412.0,1659252.0,110278,22805.0,468268,276832.0,29283.0,3323,282.0
02/04/2020,11,6.0,0.0,0,0.0,0,0.0,0.0,0,0.0
02/04/2021,26725109,15901453.0,1672830.0,125158,22497.0,471365,278695.0,29476.0,3097,420.0
02/05/2020,11,6.0,0.0,0,0.0,0,0.0,0.0,0,0.0
02/05/2021,26850649,15972219.0,1687766.0,125540,22551.0,474776,280752.0,29688.0,3411,451.0
02/06/2020,11,6.0,0.0,0,0.0,0,0.0,0.0,0,0.0
02/06/2021,26958747,16031572.0,1699175.0,108098,17270.0,477504,282444.0,29886.0,2728,197.0
02/07/2020,12,6.0,0.0,1,0.0,0,0.0,0.0,0,0.0
02/07/2021,27050234,16087704.0,1706733.0,91487,11478.0,479303,283496.0,29979.0,1799,168.0
02/08/2020,12,6.0,0.0,0,0.0,0,0.0,0.0,0,0.0
02/08/2021,27132493,16134563.0,1714812.0,82259,12642.0,481002,284474.0,30072.0,1699,132.0
02/09/2020,12,6.0,0.0,0,0.0,0,0.0,0.0,0,0.0
02/09/2021,27224464,16179520.0,1727066.0,91971,19941.0,483443,285779.0,30287.0,2441,386.0
02/10/2020,12,6.0,0.0,0,0.0,0,0.0,0.0,0,0.0
02/10/2021,27323940,16231617.0,1739366.0,99476,18959.0,486244,287409.0,30517.0,2801,56.0
02/11/2020,12,6.0,0.0,0,0.0,0,0.0,0.0,0,0.0
02/11/2021,27423177,16282477.0,1750177.0,99237,18101.0,489479,289511.0,30847.0,3235,472.0
02/12/2020,13,7.0,0.0,1,0.0,0,0.0,0.0,0,0.0
02/12/2021,27521106,16333474.0,1762824.0,97929,18603.0,494537,292966.0,31643.0,2499,788.0
02/13/2020,14,8.0,0.0,1,0.0,0,0.0,0.0,0,0.0
02/13/2021,27605553,16379551.0,1772016.0,84447,14056.0,497794,295141.0,32080.0,2053,580.0
02/14/2020,14,8.0,0.0,0,0.0,0,0.0,0.0,0,0.0
02/14/2021,27672221,16417319.0,1778228.0,66668,8494.0,499330,296078.0,32135.0,1536,96.0
02/15/2020,14,8.0,0.0,0,0.0,0,0.0,0.0,0,0.0
02/15/2021,27729925,16449863.0,1784685.0,57704,9852.0,500709,296883.0,32235.0,1379,139.0
02/16/2020,14,8.0,0.0,0,0.0,0,0.0,0.0,0,0.0
02/16/2021,27787770,16479977.0,1793064.0,57845,11691.0,502121,297689.0,32345.0,1412,141.0
02/17/2020,16,8.0,0.0,2,0.0,0,0.0,0.0,0,0.0
02/17/2021,27852345,16514967.0,1802533.0,64575,13539.0,504302,298771.0,32491.0,2181,221.0
02/18/2020,21,13.0,0.0,5,0.0,0,0.0,0.0,0,0.0
02/18/2021,27921104,16552412.0,1811852.0,68759,12897.0,506525,300201.0,32626.0,2223,229.0
02/19/2020,24,15.0,0.0,3,0.0,0,0.0,0.0,0,0.0
02/19/2021,27994321,16592928.0,1822871.0,73217,14963.0,508936,301748.0,32761.0,2411,69.0
02/20/2020,25,15.0,0.0,1,0.0,0,0.0,0.0,0,0.0
02/20/2021,28060351,16629078.0,1830672.0,66030,11485.0,510724,302894.0,32868.0,1788,199.0
02/21/2020,30,17.0,0.0,5,0.0,0,0.0,0.0,0,0.0
02/21/2021,28116127,16659741.0,1836287.0,55776,8996.0,512242,303892.0,32954.0,1518,128.0
02/22/2020,36,21.0,0.0,6,0.0,0,0.0,0.0,0,0.0
02/22/2021,28172375,16688677.0,1842906.0,56248,9777.0,513764,304790.0,33072.0,1522,186.0
02/23/2020,36,21.0,0.0,0,0.0,0,0.0,0.0,0,0.0
02/23/2021,28243401,16719876.0,1852744.0,71026,18104.0,515444,305816.0,33194.0,1680,225.0
02/24/2020,40,25.0,0.0,4,0.0,0,0.0,0.0,0,0.0
02/24/2021,28316392,16756796.0,1862973.0,72991,15788.0,517451,307071.0,33354.0,2007,91.0
02/25/2020,44,25.0,0.0,4,0.0,0,0.0,0.0,0,0.0
02/25/2021,28388405,16793885.0,1871361.0,72013,13451.0,520375,309312.0,33514.0,2924,199.0
02/26/2020,52,31.0,0.0,8,0.0,0,0.0,0.0,0,0.0
02/26/2021,28462035,16831971.0,1880630.0,73630,14492.0,522266,310575.0,33644.0,1891,264.0
02/27/2020,57,33.0,0.0,5,0.0,0,0.0,0.0,0,0.0
02/27/2021,28529948,16866045.0,1888350.0,67913,12332.0,523858,311688.0,33741.0,1592,58.0
02/28/2020,61,33.0,0.0,4,0.0,0,0.0,0.0,0,0.0
02/28/2021,28581579,16893392.0,1893784.0,51631,8702.0,524932,312527.0,33814.0,1074,48.0
02/29/2020,70,36.0,0.0,9,0.0,1,0.0,0.0,1,0.0
03/01/2020,88,50.0,0.0,18,0.0,1,0.0,0.0,0,0.0
03/01/2021,28632552,16919257.0,1900440.0,50973,8318.0,526181,313380.0,33879.0,1249,71.0
03/02/2020,124,71.0,0.0,36,0.0,7,0.0,1.0,6,1.0
03/02/2021,28687789,16944753.0,1908695.0,55237,12827.0,527533,316785.0,31446.0,1352,-2363.0
03/03/2020,188,100.0,0.0,64,0.0,10,0.0,1.0,3,0.0
03/03/2021,28753563,16971529.0,1923137.0,65774,18861.0,529090,317696.0,31568.0,1557,90.0
03/04/2020,255,140.0,2.0,67,2.0,12,1.0,1.0,2,0.0
03/04/2021,28819329,17003647.0,1931342.0,65766,13986.0,530628,318737.0,31661.0,1538,167.0
03/05/2020,333,168.0,3.0,78,1.0,15,2.0,2.0,3,1.0
03/05/2021,28883571,17037656.0,1938658.0,64242,11456.0,532579,320146.0,31779.0,1951,95.0
03/06/2020,454,251.0,4.0,121,1.0,18,3.0,2.0,3,0.0
03/06/2021,28940891,17068443.0,1945518.0,57320,9727.0,533836,320928.0,31885.0,1257,163.0
03/07/2020,614,337.0,6.0,160,2.0,23,3.0,2.0,5,0.0
03/07/2021,28984416,17091128.0,1950636.0,43525,7563.0,534728,321448.0,31970.0,892,161.0
03/08/2020,823,457.0,8.0,209,2.0,27,5.0,2.0,4,0.0
03/08/2021,29027406,17115137.0,1955159.0,42990,7471.0,535546,321906.0,32056.0,818,116.0
03/09/2020,1243,655.0,9.0,420,1.0,31,6.0,2.0,4,0.0
03/09/2021,29081795,17139995.0,1963996.0,53498,13200.0,536681,322568.0,32205.0,997,187.0
03/10/2020,1736,909.0,12.0,493,3.0,38,8.0,2.0,7,0.0
03/10/2021,29144028,17172145.0,1973572.0,62233,13774.0,538261,323613.0,32328.0,1580,201.0
03/11/2020,2250,1250.0,13.0,514,1.0,50,14.0,2.0,12,0.0
03/11/2021,29204572,17204056.0,1981341.0,60544,11570.0,539574,324481.0,32380.0,1313,12.0
03/12/2020,2998,1712.0,16.0,748,3.0,57,16.0,3.0,7,1.0
03/12/2021,29267446,17236609.0,1989100.0,62874,11763.0,541021,325446.0,32407.0,1282,66.0
03/13/2020,3909,2382.0,28.0,911,12.0,68,21.0,3.0,11,0.0
03/13/2021,29320843,17263663.0,1995995.0,53397,9709.0,541981,326056.0,32436.0,960,92.0
03/14/2020,5140,3294.0,36.0,1231,8.0,81,29.0,3.0,13,0.0
03/14/2021,29368129,17288504.0,2004067.0,47286,9830.0,542621,326469.0,32447.0,640,47.0
03/15/2020,7342,4656.0,47.0,2202,11.0,99,36.0,4.0,18,1.0
03/15/2021,29411589,17311963.0,2009036.0,43460,7822.0,543311,326872.0,32500.0,690,61.0
03/16/2020,9691,6312.0,66.0,2349,19.0,120,52.0,5.0,21,1.0
03/16/2021,29463672,17335960.0,2017486.0,52083,12061.0,544170,327342.0,32569.0,859,123.0
03/17/2020,12913,8476.0,88.0,3222,22.0,146,64.0,5.0,26,0.0
03/17/2021,29526076,17367059.0,2026644.0,62404,12702.0,545206,327958.0,32649.0,1036,32.0
03/18/2020,17816,11929.0,117.0,4903,29.0,213,92.0,6.0,67,1.0
03/18/2021,29588947,17399553.0,2035317.0,62871,11991.0,546049,328559.0,32654.0,843,39.0
03/19/2020,23990,15816.0,167.0,6174,50.0,282,125.0,9.0,69,3.0
03/19/2021,29651235,17433945.0,2043355.0,62288,11197.0,547240,329422.0,32686.0,1191,71.0
03/20/2020,31427,20720.0,229.0,7437,62.0,378,171.0,14.0,96,5.0
03/20/2021,29709607,17465133.0,2051779.0,58372,11845.0,547954,329857.0,32728.0,714,68.0
03/21/2020,40645,26209.0,277.0,9218,48.0,489,225.0,19.0,111,5.0
03/21/2021,29754567,17490582.0,2057358.0,44960,7213.0,548486,330170.0,32745.0,532,39.0
03/22/2020,51513,32089.0,320.0,10868,43.0,616,303.0,22.0,127,3.0
03/22/2021,29803127,17515652.0,2063636.0,48560,9591.0,549416,330873.0,32771.0,930,29.0
03/23/2020,62241,37220.0,386.0,10728,66.0,777,395.0,28.0,161,6.0
03/23/2021,29861618,17544377.0,2073169.0,58491,13961.0,550163,331356.0,32810.0,747,63.0
03/24/2020,73592,42383.0,450.0,11351,64.0,994,499.0,35.0,217,7.0
03/24/2021,29928772,17579717.0,2083972.0,67154,15030.0,551281,332064.0,32873.0,1118,12.0
03/25/2020,87752,49078.0,516.0,14160,66.0,1305,660.0,49.0,311,14.0
03/25/2021,29995156,17615157.0,2092230.0,66384,12315.0,552257,332706.0,32926.0,976,108.0
03/26/2020,106524,57040.0,594.0,18772,78.0,1649,853.0,67.0,344,18.0
03/26/2021,30071844,17654895.0,2102661.0,76688,14483.0,553322,333485.0,32966.0,1065,30.0
03/27/2020,126563,66074.0,677.0,20039,83.0,2127,1080.0,90.0,478,23.0
03/27/2021,30135199,17689791.0,2110243.0,63355,10731.0,554165,334068.0,33001.0,843,62.0
03/28/2020,147198,74933.0,810.0,20635,134.0,2693,1438.0,135.0,566,45.0
03/28/2021,30188091,17720241.0,2114852.0,52892,7584.0,554781,334502.0,33018.0,616,48.0
03/29/2020,173532,88792.0,910.0,26334,100.0,3361,1909.0,186.0,668,51.0
03/29/2021,30245906,17751471.0,2121766.0,57815,10562.0,555326,334817.0,33065.0,545,75.0
03/30/2020,189363,91193.0,1057.0,15831,148.0,3991,2239.0,244.0,630,58.0
03/30/2021,30308264,17785195.0,2130941.0,62358,11997.0,556048,335318.0,33104.0,722,61.0
03/31/2020,212659,100532.0,1211.0,23296,154.0,4974,2761.0,312.0,983,68.0
03/31/2021,30379731,17821925.0,2140189.0,71467,13767.0,557005,335868.0,33189.0,957,133.0
04/01/2020,241007,112436.0,1424.0,28348,214.0,6103,3349.0,404.0,1129,92.0
04/01/2021,30454183,17861653.0,2149836.0,74452,13741.0,557818,336375.0,33222.0,813,12.0
04/02/2020,271052,123659.0,1607.0,30045,183.0,7431,4020.0,495.0,1328,91.0
04/02/2021,30523718,17900716.0,2158264.0,69535,12031.0,558646,336962.0,33231.0,828,-14.0
04/03/2020,302890,135630.0,1820.0,31838,213.0,8827,4771.0,602.0,1396,108.0
04/03/2021,30589209,17938383.0,2165175.0,65491,9588.0,559375,337394.0,33251.0,729,136.0
04/04/2020,335382,147328.0,2090.0,32492,270.0,10380,5557.0,780.0,1553,178.0
04/04/2021,30633507,17964097.0,2169837.0,44298,6018.0,559889,337768.0,33274.0,514,33.0
04/05/2020,362860,158514.0,2358.0,27478,268.0,12250,6375.0,961.0,1870,181.0
04/05/2021,30690424,17997690.0,2175598.0,56917,8801.0,560259,337955.0,33320.0,370,55.0
04/06/2020,391444,168340.0,2667.0,28584,309.0,13939,7203.0,1161.0,1689,200.0
04/06/2021,30753695,18030582.0,2183654.0,63271,12768.0,560980,338410.0,33368.0,721,94.0
04/07/2020,421669,179627.0,3002.0,30225,335.0,16050,8185.0,1350.0,2111,189.0
04/07/2021,30831606,18070941.0,2193002.0,77911,14648.0,561792,338945.0,33386.0,812,-5.0
04/08/2020,455351,193007.0,3368.0,33682,366.0,18320,9219.0,1588.0,2270,238.0
04/08/2021,30907307,18112090.0,2201715.0,75701,13059.0,562658,339520.0,33430.0,866,93.0
04/09/2020,490339,205988.0,3712.0,34988,344.0,20552,10302.0,1823.0,2232,235.0
04/09/2021,30986249,18154440.0,2210059.0,78870,13054.0,563516,340146.0,33452.0,832,-4.0
04/10/2020,522259,218279.0,4031.0,31920,319.0,22790,11359.0,2033.0,2238,210.0
04/10/2021,31054311,18193236.0,2216909.0,68062,10358.0,564263,340646.0,33480.0,747,68.0
04/11/2020,554466,229207.0,4352.0,32207,321.0,25023,12387.0,2246.0,2233,213.0
04/11/2021,31107807,18226679.0,2222772.0,53496,7137.0,564732,340971.0,33492.0,469,18.0
04/12/2020,582264,238703.0,4635.0,27798,283.0,26892,13355.0,2450.0,1869,204.0
04/12/2021,31170446,18259403.0,2230203.0,62639,11586.0,565260,341303.0,33536.0,528,38.0
04/13/2020,607196,255275.0,5115.0,24932,484.0,28805,14361.0,2646.0,1913,196.0
04/13/2021,31242614,18295744.0,2240482.0,72168,16039.0,565999,341771.0,33568.0,739,100.0
04/14/2020,632382,263850.0,5477.0,25186,362.0,31270,15391.0,2844.0,2465,198.0
04/14/2021,31314977,18334479.0,2251047.0,72363,14746.0,566801,342251.0,33626.0,802,18.0
04/15/2020,657761,274578.0,5914.0,25379,437.0,33996,16956.0,3056.0,2726,212.0
04/15/2021,31389973,18372901.0,2259766.0,74996,14563.0,567587,342782.0,33647.0,786,68.0
04/16/2020,689583,309395.0,6312.0,31822,401.0,36433,19053.0,3427.0,2437,377.0
04/16/2021,31460863,18413567.0,2267733.0,70890,10409.0,568406,343307.0,33697.0,819,47.0
04/17/2020,719361,297615.0,6570.0,29778,343.0,38761,19089.0,3362.0,2328,132.0
04/17/2021,31538877,18451650.0,2274610.0,78014,21762.0,569037,343749.0,33715.0,631,38.0
04/18/2020,746961,308362.0,6878.0,27600,387.0,40644,20067.0,3500.0,1883,140.0
04/18/2021,31588094,18479579.0,2279347.0,49217,6771.0,569545,344056.0,33736.0,508,45.0
04/19/2020,774846,521899.0,7213.0,27885,258.0,42666,30465.0,3816.0,2022,325.0
04/19/2021,31624057,18505393.0,2285133.0,35963,-2570.0,570038,344353.0,33758.0,493,38.0
04/20/2020,800657,536806.0,8909.0,25811,1696.0,44747,30942.0,4112.0,2081,309.0
04/20/2021,31682956,18534119.0,2293198.0,58899,13289.0,570777,344801.0,33786.0,739,95.0
04/21/2020,826112,556823.0,9319.0,25455,410.0,47410,33590.0,4292.0,2663,466.0
04/21/2021,31747135,18567282.0,2300946.0,64179,12374.0,571556,345252.0,33847.0,779,-14.0
04/22/2020,857546,580585.0,9689.0,31434,429.0,49679,35291.0,4467.0,2269,172.0
04/22/2021,31808827,18601724.0,2308020.0,61692,10508.0,572343,345726.0,33899.0,787,99.0
04/23/2020,890543,604831.0,8944.0,32997,-744.0,51703,37376.0,4248.0,2024,-489.0
04/23/2021,31873444,18634185.0,2315570.0,64617,12202.0,573192,346276.0,33935.0,849,76.0
04/24/2020,924673,629714.0,9475.0,34130,472.0,53808,38909.0,4422.0,2105,140.0
04/24/2021,31925372,18662017.0,2321757.0,51928,9030.0,573842,346688.0,33979.0,650,31.0
04/25/2020,958051,650058.0,9846.0,33378,371.0,55674,40307.0,4501.0,1866,79.0
04/25/2021,31966091,18685438.0,2325616.0,40719,5385.0,574270,346972.0,33983.0,428,7.0
04/26/2020,985286,666891.0,11524.0,27235,1737.0,57230,40980.0,5080.0,1556,617.0
04/26/2021,31996958,18697284.0,2330043.0,39872,7368.0,574765,347295.0,34011.0,495,34.0
04/27/2020,1009505,684623.0,10487.0,24219,-1052.0,58740,42614.0,4641.0,1510,-437.0
04/27/2021,32047893,18722144.0,2336651.0,50935,11736.0,575290,347699.0,34045.0,525,82.0
04/28/2020,1032992,585955.0,12351.0,23487,1865.0,60862,43687.0,5271.0,2122,632.0
04/28/2021,32103185,18750084.0,2343442.0,55292,11038.0,576141,348210.0,34104.0,851,2.0
04/29/2020,1060198,602055.0,12748.0,27206,397.0,63302,45214.0,5399.0,2440,123.0
04/29/2021,32159909,18779661.0,2349876.0,56724,10014.0,576913,348686.0,34157.0,772,94.0
04/30/2020,1092623,622321.0,13282.0,32425,534.0,65522,46893.0,5451.0,2220,67.0
04/30/2021,32215216,18808543.0,2355685.0,55307,9398.0,577701,349218.0,34192.0,788,23.0
05/01/2020,1122848,642601.0,11999.0,30225,-1311.0,67446,48973.0,4929.0,1924,-574.0
05/01/2021,32263202,18833912.0,2360817.0,47986,8181.0,578321,349664.0,34223.0,620,55.0
05/02/2020,1151245,659268.0,12142.0,28397,147.0,69044,50177.0,4971.0,1598,42.0
05/02/2021,32299895,18853526.0,2364826.0,36693,5862.0,578833,350000.0,34231.0,512,36.0
05/03/2020,1179086,672983.0,14225.0,27841,2129.0,70472,50576.0,5682.0,1428,752.0
05/03/2021,32333126,18871458.0,2368149.0,33231,5643.0,579294,350277.0,34257.0,461,26.0
05/04/2020,1200265,685952.0,14528.0,21179,341.0,71714,51376.0,5782.0,1242,186.0
05/04/2021,32376263,18891954.0,2373597.0,43137,8971.0,579981,350679.0,34304.0,687,71.0
05/05/2020,1223471,699208.0,15024.0,23206,507.0,74142,52867.0,5870.0,2428,90.0
05/05/2021,32421542,18914717.0,2380189.0,45279,9755.0,580702,351101.0,34352.0,721,8.0
05/06/2020,1247774,716538.0,13691.0,24303,-1403.0,76473,54941.0,5248.0,2331,-750.0
05/06/2021,32464949,18937061.0,2385103.0,43407,7714.0,581369,351496.0,34381.0,667,89.0
05/07/2020,1278389,732329.0,16171.0,30615,2563.0,78602,55653.0,6059.0,2129,860.0
05/07/2021,32509554,18961416.0,2389306.0,44605,7016.0,582172,352051.0,34415.0,803,-4.0
05/08/2020,1306434,752414.0,14695.0,28045,-1463.0,80221,57519.0,5341.0,1619,-716.0
05/08/2021,32546409,18980953.0,2393054.0,36855,5941.0,582792,352473.0,34440.0,620,61.0
05/09/2020,1332403,765768.0,16962.0,25969,2279.0,81707,57801.0,6187.0,1486,846.0
05/09/2021,32573608,18996209.0,2395233.0,27199,3616.0,583189,352766.0,34439.0,397,-15.0
05/10/2020,1354055,780184.0,17432.0,21652,472.0,82812,58638.0,6174.0,1105,-1.0
05/10/2021,32598348,19008952.0,2397428.0,24740,4141.0,583603,352999.0,34459.0,414,26.0
05/11/2020,1373354,791375.0,17977.0,19299,551.0,83888,59455.0,6178.0,1076,4.0
05/11/2021,32631945,19024524.0,2401891.0,33597,7607.0,584212,353359.0,34491.0,609,81.0
05/12/2020,1397614,807058.0,18576.0,24260,615.0,85424,60567.0,6233.0,1536,56.0
05/12/2021,32667852,19042725.0,2406042.0,35907,7004.0,584918,353809.0,34534.0,706,19.0
05/13/2020,1415355,816195.0,19039.0,17741,476.0,86932,61561.0,6299.0,1508,67.0
05/13/2021,32708884,19063255.0,2413012.0,41032,9516.0,585514,354203.0,34549.0,596,50.0
05/14/2020,1449888,839768.0,19641.0,34533,623.0,88871,62909.0,6374.0,1939,66.0
05/14/2021,32744322,19081292.0,2416849.0,35438,6448.0,586201,354664.0,34591.0,687,17.0
05/15/2020,1477008,858067.0,20570.0,27120,942.0,90425,64027.0,6414.0,1554,56.0
05/15/2021,32774114,19096416.0,2420459.0,29750,5317.0,586622,354934.0,34605.0,421,23.0
05/16/2020,1502311,872577.0,20773.0,25303,207.0,91648,64884.0,6474.0,1223,48.0
05/16/2021,32795076,19107724.0,2422399.0,20962,3074.0,587064,355184.0,34614.0,442,82.0
05/17/2020,1521536,884976.0,21076.0,19225,311.0,92580,65550.0,6516.0,932,58.0
05/17/2021,32814576,19117830.0,2424182.0,19500,3429.0,587438,355383.0,34636.0,374,43.0
05/18/2020,1546227,899451.0,21493.0,24691,488.0,93523,66230.0,6607.0,943,91.0
05/18/2021,32842625,19130268.0,2428072.0,28049,6600.0,588035,355764.0,34673.0,597,73.0
05/19/2020,1566918,912307.0,21949.0,20691,475.0,94717,67167.0,6644.0,1194,22.0
05/19/2021,32870510,19143835.0,2431455.0,27885,5518.0,588637,356108.0,34726.0,602,43.0
05/20/2020,1591408,927570.0,22485.0,24490,564.0,96082,67866.0,6727.0,1365,41.0
05/20/2021,32898467,19157700.0,2435101.0,27957,5674.0,589165,356427.0,34752.0,528,54.0
05/21/2020,1616931,942341.0,22959.0,25523,492.0,97160,69043.0,6755.0,1078,88.0
05/21/2021,32926725,19171830.0,2438161.0,28258,5175.0,589829,356877.0,34799.0,664,66.0
05/22/2020,1642960,959064.0,23458.0,26029,525.0,98990,69968.0,6778.0,1830,355.0
05/22/2021,32948944,19182997.0,2440671.0,22219,2987.0,590228,357149.0,34804.0,399,20.0
05/23/2020,1663939,973466.0,23722.0,20979,270.0,99895,70629.0,6803.0,905,43.0
05/23/2021,32964664,19191912.0,2442142.0,15720,2151.0,590510,357323.0,34809.0,282,17.0
05/24/2020,1685704,987622.0,23978.0,21765,261.0,100702,71176.0,6837.0,807,40.0
05/24/2021,32980772,19200146.0,2443729.0,16108,3013.0,591089,357493.0,34833.0,362,30.0
05/25/2020,1704853,999645.0,24112.0,19149,121.0,101379,71649.0,6859.0,677,25.0
05/25/2021,33004567,19210063.0,2446376.0,23795,5030.0,591581,357775.0,34863.0,492,28.0
05/26/2020,1721806,1010557.0,24689.0,16953,593.0,102210,72189.0,6889.0,831,-3.0
05/26/2021,33028295,19220807.0,2449257.0,23728,4885.0,592099,358075.0,34896.0,518,3.0
05/27/2020,1742175,1023262.0,24826.0,20369,154.0,103488,73070.0,6951.0,1278,133.0
05/27/2021,33050854,19231789.0,2451557.0,22559,4007.0,592645,358416.0,34932.0,546,76.0
05/28/2020,1766374,1039471.0,23262.0,24199,-1543.0,104692,74758.0,6141.0,1204,-725.0
05/28/2021,33075243,19245600.0,2453941.0,24389,4041.0,593351,358924.0,34964.0,706,60.0
05/29/2020,1789928,1052670.0,25644.0,23554,2396.0,105712,74665.0,7003.0,1020,895.0
05/29/2021,33091400,19253965.0,2455558.0,16157,2536.0,593643,359116.0,34978.0,292,-19.0
05/30/2020,1813638,1066962.0,25849.0,23710,214.0,106591,75335.0,7023.0,879,32.0
05/30/2021,33103402,19260265.0,2456827.0,12002,1732.0,593897,359274.0,34989.0,254,19.0
05/31/2020,1834844,1080624.0,26074.0,21206,122.0,107286,75850.0,7042.0,695,28.0
05/31/2021,33112388,19265272.0,2457477.0,8985,1148.0,594117,359411.0,34992.0,220,10.0
06/01/2020,1852202,995043.0,26380.0,17358,432.0,107970,76290.0,7054.0,684,24.0
06/01/2021,33121307,19269901.0,2458590.0,8919,1832.0,594450,359558.0,35012.0,333,17.0
06/02/2020,1872933,1006735.0,26989.0,20731,642.0,108884,76897.0,7119.0,914,113.0
06/02/2021,33137549,19276839.0,2460588.0,16242,3841.0,594943,359868.0,35051.0,493,45.0
06/03/2020,1894042,1019407.0,27132.0,21109,50.0,109917,77697.0,7068.0,1033,-320.0
06/03/2021,33156207,19284500.0,2462701.0,18658,3847.0,595419,360125.0,35094.0,476,79.0
06/04/2020,1914755,1030979.0,27468.0,20713,354.0,110786,78362.0,7086.0,869,-187.0
06/04/2021,33174808,19292663.0,2464548.0,18601,3885.0,596017,360515.0,35129.0,598,14.0
06/05/2020,1939181,1045190.0,28065.0,24426,619.0,111648,78906.0,7163.0,862,123.0
06/05/2021,33189596,19299410.0,2466018.0,14788,2510.0,596411,360790.0,35147.0,394,44.0
06/06/2020,1962755,1059861.0,28027.0,23574,-27.0,112316,79488.0,7102.0,668,-72.0
06/06/2021,33200576,19305120.0,2466997.0,10980,1465.0,596833,361134.0,35143.0,422,7.0
06/07/2020,1980536,1070957.0,28507.0,17781,488.0,112900,79852.0,7178.0,584,86.0
06/07/2021,33210537,19309780.0,2468082.0,9961,1922.0,597155,361266.0,35161.0,322,29.0
06/08/2020,1998574,1082529.0,29092.0,18038,606.0,113684,80312.0,7306.0,784,168.0
06/08/2021,33225120,19316205.0,2469910.0,14583,3620.0,597468,361494.0,35191.0,313,65.0
06/09/2020,2017170,1092936.0,29808.0,18596,739.0,114506,80867.0,7385.0,822,-8.0
06/09/2021,33244683,19322124.0,2471762.0,19099,8064.0,597854,361701.0,35236.0,368,13.0
06/10/2020,2039653,1105934.0,30100.0,22483,326.0,115386,81518.0,7408.0,880,57.0
06/10/2021,33260747,19328465.0,2473445.0,16063,3609.0,598252,361962.0,35257.0,398,58.0
06/11/2020,2062341,1119669.0,30474.0,22688,405.0,116255,82141.0,7417.0,869,24.0
06/11/2021,33274760,19334925.0,2474801.0,14013,2614.0,598652,362236.0,35271.0,400,26.0
06/12/2020,2091088,1134993.0,33439.0,28747,2990.0,117000,82669.0,7434.0,745,24.0
06/12/2021,33287230,19340650.0,2476201.0,12470,2707.0,598859,362345.0,35302.0,207,13.0
06/13/2020,2117096,1150345.0,33757.0,26008,334.0,117695,83170.0,7472.0,695,56.0
06/13/2021,33295821,19345016.0,2477142.0,8591,1399.0,599005,362412.0,35310.0,146,14.0
06/14/2020,2137716,1163156.0,33903.0,20620,158.0,118185,83517.0,7479.0,490,20.0
06/14/2021,33304101,19349019.0,2477855.0,8280,1620.0,599210,362498.0,35316.0,205,47.0
06/15/2020,2158304,1175164.0,34331.0,20588,454.0,118722,83878.0,7481.0,537,40.0
06/15/2021,33316944,19354158.0,2479283.0,12843,3090.0,599518,362671.0,35345.0,308,46.0
06/16/2020,2183230,1188510.0,34574.0,24926,285.0,119367,84298.0,7498.0,645,-48.0
06/16/2021,33330158,19359930.0,2480864.0,13214,2894.0,599851,362871.0,35379.0,333,-1.0
06/17/2020,2208833,1202993.0,35233.0,25603,689.0,120068,84797.0,7508.0,701,62.0
06/17/2021,33343436,19037127.0,2482014.0,13278,2958.0,600133,363038.0,35402.0,282,42.0
06/18/2020,2237593,1220008.0,35418.0,28760,218.0,120721,85234.0,7519.0,653,30.0
06/18/2021,33355462,19042524.0,2483027.0,12026,2145.0,600408,363225.0,35421.0,275,21.0
06/19/2020,2270902,1240030.0,35938.0,33309,553.0,121465,85767.0,7564.0,744,9.0
06/19/2021,33367860,19047494.0,2483922.0,12398,2108.0,600660,363373.0,35435.0,252,19.0
06/20/2020,2304241,1258411.0,36370.0,33339,453.0,122034,86156.0,7574.0,569,10.0
06/20/2021,33376792,19051859.0,2484716.0,8932,1439.0,600876,363499.0,35453.0,216,27.0
06/21/2020,2331568,1274338.0,36785.0,27327,432.0,122431,86421.0,7580.0,397,4.0
06/21/2021,33385446,19055881.0,2485398.0,8654,1557.0,601148,363656.0,35477.0,264,14.0
06/22/2020,2360267,1291433.0,37164.0,28699,428.0,122938,86739.0,7620.0,507,-224.0
06/22/2021,33398927,19390484.0,2486711.0,13481,3027.0,601458,363835.0,35485.0,310,48.0
06/23/2020,2398188,1312094.0,37719.0,37921,651.0,123683,87206.0,7632.0,745,256.0
06/23/2021,33412789,19396270.0,2488415.0,13862,2825.0,601796,364011.0,35522.0,338,18.0
06/24/2020,2435619,1437190.0,38485.0,37431,843.0,124375,87678.0,7641.0,692,43.0
06/24/2021,33428326,19403059.0,2489815.0,15537,3267.0,602109,364235.0,35536.0,313,17.0
06/25/2020,2482629,1460335.0,38771.0,47010,404.0,126920,88150.0,9501.0,721,-8.0
06/25/2021,33443421,19410361.0,2491170.0,15095,2768.0,602510,364509.0,35547.0,391,19.0
06/26/2020,2529183,1484434.0,39540.0,46554,827.0,127631,88633.0,9511.0,711,33.0
06/26/2021,33456604,19416236.0,2492315.0,13183,2599.0,602750,364681.0,35553.0,240,15.0
06/27/2020,2572802,1508164.0,39898.0,43619,406.0,128197,89017.0,9513.0,566,-5.0
06/27/2021,33467107,19422122.0,2493066.0,10503,1470.0,602922,364784.0,35563.0,172,13.0
06/28/2020,2610599,1529284.0,40454.0,37797,578.0,128635,89246.0,9519.0,438,10.0
06/28/2021,33477776,19426963.0,2493876.0,10669,2030.0,603115,364846.0,35584.0,193,50.0
06/29/2020,2649202,1551673.0,41198.0,38603,850.0,129120,89491.0,9523.0,485,30.0
06/29/2021,33493515,19432879.0,2495455.0,15739,3804.0,603392,365014.0,35596.0,277,25.0
06/30/2020,2695790,1577400.0,41791.0,46588,694.0,129761,89880.0,9538.0,641,-6.0
06/30/2021,33505127,19434325.0,2497186.0,11612,3988.0,603644,365137.0,35610.0,252,25.0
07/01/2020,2755533,1611269.0,42312.0,59743,613.0,130557,90391.0,9558.0,796,38.0
07/01/2021,33523832,19442111.0,2498726.0,18705,4056.0,603931,365319.0,35618.0,287,24.0
07/02/2020,2811143,1640961.0,42483.0,55610,311.0,131258,90789.0,9557.0,701,31.0
07/02/2021,33540670,19449571.0,2500108.0,16838,3137.0,604231,365512.0,35634.0,300,-5.0
07/03/2020,2871437,1674229.0,43449.0,60294,1052.0,132080,91306.0,9582.0,822,-46.0
07/03/2021,33553712,19454333.0,2501205.0,13042,2699.0,604377,365593.0,35638.0,146,9.0
07/04/2020,2921032,1700307.0,43776.0,49595,356.0,132607,91545.0,9592.0,527,11.0
07/04/2021,33564088,19458624.0,2502033.0,10372,1852.0,604492,365644.0,35642.0,115,6.0
07/05/2020,2961451,1724636.0,43523.0,40419,-217.0,133057,91731.0,9591.0,450,75.0
07/05/2021,33573305,19462330.0,2502790.0,9217,1659.0,604607,365700.0,35647.0,115,19.0
07/06/2020,3012665,1755203.0,44553.0,51214,1180.0,133703,92034.0,9588.0,646,-17.0
07/06/2021,33593504,19472705.0,2504064.0,20199,3411.0,604914,365895.0,35653.0,307,15.0
07/07/2020,3068725,1783713.0,44713.0,56060,329.0,134635,92597.0,9598.0,932,-31.0
07/07/2021,33616312,19480813.0,2506473.0,22808,5931.0,605178,366056.0,35674.0,264,24.0
07/08/2020,3134104,1819429.0,46049.0,65379,1489.0,135731,93130.0,9705.0,1096,142.0
07/08/2021,33800227,19490700.0,2664772.0,28130,6629.0,605446,366215.0,35687.0,268,25.0
07/09/2020,3196421,1851198.0,46380.0,62317,439.0,136711,93660.0,9710.0,980,-16.0
07/09/2021,33827849,19502098.0,2667262.0,27622,5681.0,605764,366411.0,35705.0,318,27.0
07/10/2020,3264993,1887846.0,47884.0,68572,1612.0,137669,94198.0,9714.0,958,14.0
07/10/2021,33848378,19509061.0,2669222.0,20529,4277.0,605909,366492.0,35712.0,145,10.0
07/11/2020,3333128,1921666.0,47641.0,68135,-151.0,138577,94680.0,9714.0,908,9.0
07/11/2021,33865155,19515911.0,2670740.0,16777,2876.0,606020,366543.0,35720.0,111,10.0
07/12/2020,3392772,1953024.0,47833.0,59644,270.0,139436,95095.0,9717.0,859,10.0
07/12/2021,33894501,19531218.0,2672243.0,29346,4306.0,606338,366726.0,35734.0,318,30.0
07/13/2020,3449315,1984610.0,49585.0,56543,1927.0,140165,95362.0,9739.0,729,-41.0
07/13/2021,33929384,19544404.0,2675407.0,34883,8579.0,606680,366927.0,35750.0,342,30.0
07/14/2020,3514321,2019213.0,49730.0,65006,269.0,141108,95783.0,9749.0,943,29.0
07/14/2021,33967962,19559144.0,2678954.0,38472,7793.0,607020,367076.0,35795.0,340,57.0
07/15/2020,3586631,2058850.0,50991.0,72310,1440.0,142261,96332.0,9794.0,1153,56.0
07/15/2021,34008633,19574791.0,2682694.0,40559,9164.0,607356,367226.0,35816.0,336,40.0
07/16/2020,3656815,2095716.0,52081.0,70184,1256.0,143361,96853.0,9807.0,1100,26.0
07/16/2021,34051035,19591605.0,2686357.0,42360,9083.0,607739,367447.0,35840.0,383,25.0
07/17/2020,3733901,2137221.0,53170.0,77086,1265.0,144472,97538.0,9679.0,1111,-132.0
07/17/2021,34082614,19602951.0,2689629.0,31508,6718.0,607924,367533.0,35849.0,185,10.0
07/18/2020,3801700,2174920.0,53214.0,67799,189.0,145474,98082.0,9653.0,1002,-17.0
07/18/2021,34111050,19613615.0,2692156.0,28391,4995.0,608079,367596.0,35864.0,155,24.0
07/19/2020,3861621,2208066.0,53591.0,59921,450.0,146409,98455.0,9685.0,935,32.0
07/19/2021,34156801,19638889.0,2695244.0,45485,7032.0,608378,367742.0,35884.0,299,31.0
07/20/2020,3920638,2238383.0,54576.0,59017,1148.0,147304,98776.0,9697.0,895,22.0
07/20/2021,34207940,19658628.0,2700293.0,51003,11012.0,608718,367918.0,35896.0,340,28.0
07/21/2020,3983966,2271544.0,56337.0,63328,1883.0,148492,99347.0,9716.0,1188,5.0
07/21/2021,34269730,19681116.0,2706683.0,61606,14976.0,609119,368068.0,35925.0,401,61.0
07/22/2020,4056631,2312365.0,57625.0,72665,1473.0,149680,99957.0,9675.0,1188,-29.0
07/22/2021,34342857,19706321.0,2718090.0,72844,19281.0,609475,368244.0,35933.0,356,17.0
07/23/2020,4130693,2352453.0,58704.0,74062,1260.0,150965,100561.0,9693.0,1285,33.0
07/23/2021,34411687,19734752.0,2724382.0,68485,13873.0,609914,368444.0,35957.0,439,38.0
07/24/2020,4204606,2393064.0,59859.0,73913,1290.0,152320,101277.0,9712.0,1355,28.0
07/24/2021,34465128,19753228.0,2729654.0,53319,10314.0,610184,368555.0,35979.0,270,28.0
07/25/2020,4265689,2431901.0,59860.0,61083,106.0,153470,101831.0,9718.0,1150,16.0
07/25/2021,34508432,19770744.0,2734171.0,43276,7387.0,610447,368647.0,35997.0,263,25.0
07/26/2020,4324695,2464419.0,59858.0,59006,119.0,154419,102253.0,9725.0,949,20.0
07/26/2021,34580032,19810336.0,2738810.0,71564,10869.0,610894,368842.0,36026.0,447,45.0
07/27/2020,4377960,2493404.0,61297.0,53265,1681.0,155374,102607.0,9736.0,955,30.0
07/27/2021,34666261,19843843.0,2747516.0,86087,20415.0,611433,369098.0,36059.0,539,8.0
07/28/2020,4437154,2524710.0,62368.0,59194,1351.0,156605,103197.0,9748.0,1231,-10.0
07/28/2021,34755912,19878367.0,2757106.0,89531,19009.0,611955,369316.0,36087.0,522,56.0
07/29/2020,4502285,2558897.0,64390.0,65131,2328.0,157764,103779.0,9720.0,1159,-21.0
07/29/2021,34855455,19917012.0,2769962.0,99314,22247.0,612481,369555.0,36126.0,526,56.0
07/30/2020,4569433,2597153.0,65108.0,67148,1045.0,159190,104558.0,9733.0,1426,7.0
07/30/2021,34960806,19959530.0,2779244.0,105017,19702.0,613164,369921.0,36162.0,553,67.0
07/31/2020,4638258,2635347.0,66902.0,68825,1999.0,160560,105271.0,9753.0,1370,37.0
07/31/2021,35042477,19988960.0,2786944.0,81507,14240.0,613560,370066.0,36180.0,396,33.0
08/01/2020,4694676,2667816.0,66743.0,56418,-69.0,161687,105834.0,9761.0,1127,-232.0
08/01/2021,35105551,20016498.0,2793209.0,63030,10607.0,613931,370195.0,36202.0,371,34.0
08/02/2020,4746136,2698216.0,67251.0,51460,586.0,162589,106262.0,9766.0,902,14.0
08/02/2021,35209221,20076789.0,2800741.0,103645,15751.0,614612,370497.0,36233.0,681,65.0
08/03/2020,4791440,2723413.0,68195.0,45304,1146.0,163491,106612.0,9777.0,902,257.0
08/03/2021,35320140,20120207.0,2811704.0,110597,21934.0,615339,370828.0,36286.0,727,77.0
08/04/2020,4843358,2748417.0,69286.0,51918,1374.0,164561,107105.0,9785.0,1070,23.0
08/04/2021,35444568,20168263.0,2824787.0,124095,25940.0,616104,371144.0,36311.0,765,61.0
08/05/2020,4899611,2776451.0,71671.0,56253,2689.0,165827,107755.0,9787.0,1266,-15.0
08/05/2021,35573955,20220665.0,2840132.0,129153,27572.0,616880,371457.0,36355.0,776,78.0
08/06/2020,4954771,2804045.0,74351.0,55160,3035.0,167021,108096.0,10016.0,1194,269.0
08/06/2021,35707697,20278439.0,2852092.0,125969,23146.0,617759,371834.0,36424.0,879,97.0
08/07/2020,5016913,2840441.0,74533.0,62142,418.0,168326,108791.0,10046.0,1305,20.0
08/07/2021,35827783,20329612.0,2861623.0,119987,18519.0,618366,372033.0,36442.0,607,42.0
08/08/2020,5068998,2870994.0,75246.0,52085,861.0,169347,109312.0,10070.0,1021,38.0
08/08/2021,35924977,20380096.0,2869873.0,97152,13632.0,618931,372261.0,36468.0,565,47.0
08/09/2020,5115357,2898585.0,75743.0,46359,595.0,170227,109713.0,10079.0,880,14.0
08/09/2021,36019046,20423115.0,2879061.0,93987,18701.0,619691,372474.0,36516.0,759,74.0
08/10/2020,5159506,2924582.0,76839.0,44149,1315.0,171057,110064.0,10087.0,830,18.0
08/10/2021,36155835,20477332.0,2894546.0,136606,31178.0,620706,372917.0,36584.0,1015,101.0
08/11/2020,5218697,2955553.0,79284.0,59191,2688.0,172153,110562.0,10132.0,1096,75.0
08/11/2021,36300749,20537902.0,2910750.0,144644,30357.0,621325,372878.0,36664.0,607,125.0
08/12/2020,5274244,2988330.0,80601.0,55547,1581.0,173498,111374.0,10134.0,1345,-11.0
08/12/2021,36452654,20605014.0,2927495.0,151639,29797.0,622340,373272.0,36731.0,1015,115.0
08/13/2020,5326397,3016252.0,81665.0,52153,1289.0,174683,111974.0,10165.0,1185,47.0
08/13/2021,36599384,20672955.0,2940983.0,146633,28580.0,623527,373748.0,36796.0,1173,115.0
08/14/2020,5382638,3050148.0,80828.0,56241,-649.0,175741,112531.0,10168.0,1058,6.0
08/14/2021,36738732,20736108.0,2954458.0,139181,23929.0,624379,374023.0,36828.0,852,57.0
08/15/2020,5434193,3080432.0,83670.0,51555,2934.0,176670,112957.0,10190.0,929,42.0
08/15/2021,36849477,20795886.0,2964513.0,110671,16994.0,625035,374237.0,36854.0,656,42.0
08/16/2020,5476113,3105456.0,84303.0,41920,704.0,177540,113443.0,10200.0,870,17.0
08/16/2021,36959949,20848251.0,2975249.0,110342,19649.0,625892,374504.0,36912.0,849,89.0
08/17/2020,5517933,3128565.0,85331.0,41820,1272.0,178224,113749.0,10213.0,684,11.0
08/17/2021,37111034,20907979.0,2994256.0,150835,34992.0,627107,375011.0,37014.0,1215,175.0
08/18/2020,5559648,3149979.0,87088.0,41715,1993.0,179177,114226.0,10223.0,953,33.0
08/18/2021,37280374,20979190.0,3012383.0,168300,34713.0,628578,375636.0,37080.0,1456,-14.0
08/19/2020,5606938,3175727.0,88529.0,47290,1814.0,180436,114942.0,10237.0,1259,-12.0
08/19/2021,37455618,21055530.0,3043599.0,175040,43779.0,629953,376168.0,37170.0,1346,111.0
08/20/2020,5653996,3201577.0,90000.0,47058,1897.0,181431,115506.0,10241.0,995,2.0
08/20/2021,37624542,21136141.0,3062508.0,166990,33796.0,631528,376856.0,37259.0,1561,162.0
08/21/2020,5701710,3230809.0,90778.0,47714,1111.0,182475,116075.0,10251.0,1044,23.0
08/21/2021,37767825,21204972.0,3075346.0,142907,21295.0,632670,377268.0,37316.0,1142,87.0
08/22/2020,5743554,3254743.0,91714.0,41844,1125.0,183449,116644.0,10257.0,974,26.0
08/22/2021,37894954,21273989.0,3087448.0,127059,18150.0,633538,377591.0,37361.0,855,87.0
08/23/2020,5780635,3277639.0,92496.0,37081,943.0,184278,117138.0,10267.0,829,14.0
08/23/2021,38012505,21334015.0,3096591.0,117482,20606.0,634733,377944.0,37472.0,1118,190.0
08/24/2020,5816662,3299179.0,93689.0,36027,1535.0,184882,117389.0,10300.0,604,38.0
08/24/2021,38176646,21402374.0,3116902.0,163774,37940.0,636352,378682.0,37561.0,1615,144.0
08/25/2020,5857589,3320715.0,95695.0,40927,2388.0,185790,117899.0,10327.0,908,50.0
08/25/2021,38354829,21483505.0,3137620.0,177926,38369.0,637991,379357.0,37632.0,1622,-221.0
08/26/2020,5905084,3344711.0,99508.0,47495,4940.0,186855,118573.0,10322.0,1065,-22.0
08/26/2021,38542212,21567626.0,3164162.0,187130,41525.0,639758,380119.0,37749.0,1736,198.0
08/27/2020,5952312,3368053.0,101134.0,47228,2007.0,187817,119106.0,10349.0,962,34.0
08/27/2021,38725267,21658923.0,3185416.0,182854,35724.0,641619,380925.0,37852.0,1819,175.0
08/28/2020,5999251,3396589.0,103125.0,46939,3771.0,188855,119695.0,10370.0,1038,35.0
08/28/2021,38876858,21739267.0,3201075.0,151230,24720.0,643034,381456.0,37936.0,1415,138.0
08/29/2020,6040274,3420144.0,104253.0,41023,1310.0,189667,120164.0,10377.0,812,20.0
08/29/2021,38995307,21809122.0,3213755.0,118270,17994.0,644174,381899.0,38000.0,1107,112.0
08/30/2020,6076906,3441976.0,105037.0,36632,977.0,190400,120595.0,10391.0,733,18.0
08/30/2021,39130054,21880159.0,3225244.0,134664,21547.0,645437,382374.0,38096.0,1228,171.0
08/31/2020,6116475,3462797.0,106615.0,39569,2085.0,190972,120856.0,10403.0,572,14.0
08/31/2021,39307531,21957343.0,3248302.0,176973,38332.0,647211,383162.0,38255.0,1724,208.0
09/01/2020,6155323,3484164.0,108327.0,38848,2244.0,191825,121324.0,10446.0,853,53.0
09/01/2021,39506715,22057201.0,3274728.0,198861,41090.0,649219,384021.0,38349.0,1972,141.0
09/02/2020,6199820,3507446.0,111997.0,42792,2906.0,192708,121860.0,10440.0,883,-18.0
09/02/2021,39689336,22140831.0,3302738.0,182220,43049.0,651239,384912.0,38435.0,2004,238.0
09/03/2020,6245397,3598107.0,113845.0,45577,2575.0,193646,122447.0,10455.0,938,33.0
09/03/2021,39872572,22229561.0,3323684.0,182848,35363.0,653169,385788.0,38565.0,1902,202.0
09/04/2020,6296691,3629275.0,115814.0,51294,2565.0,194567,123001.0,10487.0,921,14.0
09/04/2021,40015156,22301128.0,3339220.0,142167,25731.0,654609,386372.0,38630.0,1440,106.0
09/05/2020,6337994,3654589.0,116919.0,41303,1390.0,195339,123474.0,10495.0,772,22.0
09/05/2021,40140090,22376088.0,3352390.0,124657,17776.0,655872,386919.0,38692.0,1214,113.0
09/06/2020,6371982,3675300.0,117755.0,33988,1051.0,196018,123873.0,10500.0,679,10.0
09/06/2021,40250795,22440927.0,3364855.0,110301,17059.0,656910,387294.0,38763.0,1023,85.0
09/07/2020,6396571,3690287.0,118879.0,24589,1298.0,196418,124014.0,10508.0,400,29.0
09/07/2021,40369290,22755026.0,3379230.0,118405,22911.0,658441,390266.0,38926.0,1444,251.0
09/08/2020,6425189,3707256.0,120346.0,28618,2189.0,196991,124330.0,10524.0,573,25.0
09/08/2021,40540523,22824877.0,3404517.0,169886,42448.0,660524,391237.0,39097.0,2025,145.0
09/09/2020,6460757,3725754.0,122565.0,35568,2980.0,197834,124800.0,10549.0,843,8.0
09/09/2021,40727549,22902939.0,3432717.0,186622,48833.0,662756,392267.0,39253.0,2226,215.0
09/10/2020,6499855,3747306.0,124530.0,39098,2746.0,198672,125314.0,10569.0,838,38.0
09/10/2021,40897238,22990109.0,3454035.0,169340,31421.0,665020,393247.0,39371.0,2215,198.0
09/11/2020,6544456,3772939.0,126890.0,44601,2988.0,199539,125840.0,10608.0,867,47.0
09/11/2021,41050840,23075256.0,3472410.0,153075,27196.0,666701,393969.0,39465.0,1681,157.0
09/12/2020,6584495,3796799.0,128397.0,40039,1859.0,200190,126258.0,10616.0,651,30.0
09/12/2021,41167177,23146265.0,3486490.0,116258,17229.0,667829,394425.0,39558.0,1109,135.0
09/13/2020,6617393,3817157.0,129600.0,32898,1367.0,200915,126759.0,10628.0,725,18.0
09/13/2021,41281084,23206292.0,3498722.0,113743,20878.0,669160,394971.0,39687.0,1278,177.0
09/14/2020,6652150,3836487.0,131234.0,34757,2103.0,201366,126923.0,10661.0,451,35.0
09/14/2021,41443686,23283127.0,3520861.0,161942,36452.0,671556,396227.0,39883.0,2391,375.0
09/15/2020,6689378,3856589.0,133592.0,37228,2961.0,202141,127397.0,10708.0,775,52.0
09/15/2021,41607516,23362415.0,3543217.0,162914,33899.0,674029,397364.0,40143.0,2365,283.0
09/16/2020,6734301,3880531.0,136533.0,44923,3891.0,203222,127932.0,10743.0,1081,199.0
09/16/2021,41775229,23442437.0,3571071.0,167173,38806.0,676119,398291.0,40318.0,2065,295.0
09/17/2020,6779705,3906541.0,139373.0,45404,3413.0,203956,128405.0,10761.0,734,3.0
09/17/2021,41933144,23523795.0,3589814.0,157384,29380.0,678403,399355.0,40462.0,2247,252.0
09/18/2020,6827887,3934248.0,142489.0,48182,3787.0,204789,128926.0,10797.0,833,37.0
09/18/2021,42056631,23591350.0,3603792.0,122912,20737.0,679927,400065.0,40559.0,1524,129.0
09/19/2020,6870272,3960455.0,144188.0,42385,2259.0,205436,129338.0,10804.0,647,28.0
09/19/2021,42153719,23652996.0,3613395.0,97001,13172.0,681052,400597.0,40627.0,1092,106.0
09/20/2020,6904548,3980932.0,145375.0,34276,1386.0,205906,129609.0,10815.0,470,-4.0
09/20/2021,42247408,23705766.0,3623828.0,93656,15661.0,682414,401120.0,40769.0,1310,140.0
09/21/2020,6946184,4001401.0,147102.0,41636,2329.0,206478,129852.0,10831.0,572,79.0
09/21/2021,42382907,23771162.0,3642746.0,134875,28577.0,684750,402231.0,40977.0,2327,369.0
09/22/2020,6996297,4021283.0,148976.0,50113,2626.0,207126,130248.0,10812.0,648,-3.0
09/22/2021,42515628,23837563.0,3661434.0,132276,27854.0,687088,403369.0,41176.0,2268,204.0
09/23/2020,7039247,4047059.0,151370.0,42950,3234.0,208046,130819.0,10837.0,920,23.0
09/23/2021,42652535,23907019.0,3682037.0,135441,30110.0,689147,404310.0,41344.0,2035,207.0
09/24/2020,7085657,4071029.0,154895.0,46410,4174.0,208796,131294.0,10856.0,750,33.0
09/24/2021,42786322,23961256.0,3713609.0,133006,40101.0,691569,405478.0,41476.0,2361,202.0
09/25/2020,7135876,4099634.0,157610.0,50219,3425.0,209572,131769.0,10876.0,776,-10.0
09/25/2021,42883475,23996143.0,3740132.0,96507,31222.0,692973,406041.0,41592.0,1404,153.0
09/26/2020,7178635,4125939.0,159413.0,42759,2067.0,210250,132190.0,10881.0,678,21.0
09/26/2021,42961681,24025980.0,3763028.0,77967,25399.0,693981,406469.0,41676.0,981,108.0
09/27/2020,7213999,4148061.0,160743.0,35364,1654.0,210744,132482.0,10892.0,494,14.0
09/27/2021,43063878,24074683.0,3787109.0,101584,28883.0,695850,407229.0,42228.0,1422,208.0
09/28/2020,7253177,4169903.0,162782.0,39178,2889.0,211164,132707.0,10906.0,420,14.0
09/28/2021,43181969,24127387.0,3806421.0,117022,28636.0,697950,408386.0,42411.0,2078,229.0
09/29/2020,7292111,4191388.0,165261.0,38934,3361.0,211951,133042.0,11101.0,787,199.0
09/29/2021,43299702,24188279.0,3824379.0,116379,25053.0,700173,409323.0,42569.0,2173,268.0
09/30/2020,7338689,4215985.0,168178.0,46578,4203.0,212648,133608.0,10944.0,697,-168.0
09/30/2021,43423617,24252275.0,3843242.0,122488,25804.0,702115,410219.0,42692.0,1908,192.0
10/01/2020,7386174,4242938.0,170577.0,47485,3330.0,213410,134071.0,10965.0,762,39.0
10/01/2021,43545133,24318642.0,3858003.0,120088,21371.0,704244,411438.0,42784.0,2087,164.0
10/02/2020,7437345,4271924.0,174049.0,51171,4473.0,214327,134674.0,11004.0,917,33.0
10/02/2021,43627659,24364138.0,3868347.0,82033,13564.0,705517,412018.0,42899.0,1273,134.0
10/03/2020,7485088,4297414.0,176108.0,47743,2679.0,214867,134986.0,11019.0,540,18.0
10/03/2021,43696997,24405556.0,3875476.0,69131,9160.0,706445,412404.0,42972.0,904,97.0
10/04/2020,7520739,4319776.0,177548.0,35651,1707.0,215461,135313.0,11031.0,594,45.0
10/04/2021,43783089,24461893.0,3883720.0,86063,11903.0,707717,413080.0,43123.0,1203,166.0
10/05/2020,7562356,4344054.0,179553.0,41617,2761.0,215986,135585.0,11044.0,525,22.0
10/05/2021,43888142,24511549.0,3900374.0,104815,24388.0,709731,414170.0,43269.0,2014,274.0
10/06/2020,7604333,4366948.0,182885.0,41977,4213.0,216623,135945.0,11059.0,637,15.0
10/06/2021,44006424,24565399.0,3925438.0,107746,21853.0,711746,415123.0,43423.0,1964,176.0
10/07/2020,7659137,4395721.0,186391.0,54804,5950.0,217423,136392.0,11102.0,800,32.0
10/07/2021,44119198,24624530.0,3944612.0,111981,24879.0,713444,415990.0,43540.0,1682,216.0
10/08/2020,7714802,4427738.0,189733.0,55665,4584.0,218164,136838.0,11117.0,741,43.0
10/08/2021,44227501,24684277.0,3957928.0,107759,19580.0,715677,417191.0,43668.0,2193,242.0
10/09/2020,7773897,4463324.0,193084.0,59095,4382.0,218963,137327.0,11132.0,799,-20.0
10/09/2021,44298688,24723524.0,3966260.0,70539,10863.0,716686,417598.0,43750.0,1009,105.0
10/10/2020,7827811,4493423.0,195317.0,53914,2931.0,219634,137738.0,11150.0,671,20.0
10/10/2021,44358839,24760817.0,3972637.0,59990,7753.0,717696,417909.0,43816.0,712,79.0
10/11/2020,7872757,4521273.0,196898.0,44946,2082.0,220212,138044.0,11170.0,578,-26.0
10/11/2021,44433075,24808446.0,3978834.0,74152,9523.0,718611,418494.0,43894.0,868,144.0
10/12/2020,7922532,4552642.0,199228.0,49775,3224.0,220724,138304.0,11185.0,512,124.0
10/12/2021,44524801,24851458.0,3991769.0,91077,19113.0,720547,419479.0,44048.0,1926,315.0
10/13/2020,7973347,4581011.0,202225.0,50815,4244.0,221387,138677.0,11212.0,663,-46.0
10/13/2021,44622508,24901882.0,4005784.0,96975,19328.0,722360,420290.0,44176.0,1754,284.0
10/14/2020,8031560,4612883.0,205994.0,58213,5915.0,222213,139098.0,11250.0,826,110.0
10/14/2021,44719623,24952852.0,4021916.0,96617,21071.0,723884,421051.0,44310.0,1517,224.0
10/15/2020,8094951,4649695.0,209290.0,63391,4739.0,222938,139570.0,11227.0,725,-3.0
10/15/2021,44811380,25004062.0,4032297.0,90951,14729.0,725922,422240.0,44403.0,1980,188.0
10/16/2020,8164524,4687417.0,214399.0,69573,6350.0,223818,140104.0,11266.0,880,33.0
10/16/2021,44874819,25038573.0,4040198.0,62614,9820.0,726811,422302.0,44809.0,889,422.0
10/17/2020,8218852,4717900.0,217396.0,54328,3873.0,224494,140521.0,11274.0,676,13.0
10/17/2021,44924622,25068906.0,4044952.0,49727,5859.0,727496,422319.0,45205.0,672,401.0
10/18/2020,8267844,4745827.0,219250.0,48992,2493.0,225248,140938.0,11349.0,754,109.0
10/18/2021,44994312,25114711.0,4051887.0,69667,9554.0,729722,423639.0,45633.0,1213,-643.0
10/19/2020,8330031,4785193.0,222237.0,62187,4189.0,225862,141269.0,11367.0,614,23.0
10/19/2021,45075844,25153193.0,4065824.0,81012,19397.0,731550,424749.0,45756.0,1827,270.0
10/20/2020,8389010,4820255.0,225792.0,58979,5173.0,226671,141735.0,11384.0,809,42.0
10/20/2021,45152757,25194248.0,4076768.0,76381,15486.0,733344,425633.0,45910.0,1716,304.0
10/21/2020,8459574,4859678.0,230030.0,70564,6631.0,227729,142361.0,11432.0,1058,-31.0
10/21/2021,45240418,25240973.0,4091409.0,87284,18421.0,734858,426399.0,46018.0,1514,118.0
10/22/2020,8534608,4900061.0,236211.0,75034,8039.0,228671,142971.0,11451.0,942,43.0
10/22/2021,45321326,25287444.0,4101066.0,80592,13595.0,736779,427581.0,46157.0,1844,230.0
10/23/2020,8617785,4947805.0,242821.0,83177,8443.0,229613,143507.0,11498.0,942,42.0
10/23/2021,45351407,25302810.0,4105846.0,29630,5833.0,737399,427768.0,46169.0,620,20.0
10/24/2020,8694178,4993200.0,246881.0,76393,5287.0,230405,144002.0,11530.0,792,114.0
10/24/2021,45375100,25316452.0,4108691.0,23599,3609.0,737715,427858.0,46169.0,316,7.0
10/25/2020,8760111,5033541.0,249318.0,65933,3637.0,231016,144343.0,11554.0,611,38.0
10/25/2021,45469761,25370295.0,4119343.0,94614,14358.0,738759,428450.0,46292.0,988,66.0
10/26/2020,8830284,5075791.0,252431.0,70173,5061.0,231716,144684.0,11586.0,700,-11.0
10/26/2021,45572444,25429402.0,4136984.0,102421,22528.0,740759,429828.0,46441.0,1975,201.0
10/27/2020,8906116,5117094.0,257186.0,75832,6976.0,232614,145172.0,11628.0,898,55.0
10/27/2021,45656825,25476450.0,4150267.0,83924,17342.0,742519,430615.0,46560.0,1694,263.0
10/28/2020,8991542,5164101.0,264280.0,85426,10573.0,233705,145832.0,11672.0,1091,48.0
10/28/2021,45760714,25520800.0,4185569.0,82004,17268.0,743760,431187.0,46626.0,1240,163.0
10/29/2020,9083254,5214438.0,269521.0,91712,7889.0,234804,146473.0,11724.0,1099,95.0
10/29/2021,45848040,25567716.0,4196729.0,87189,15890.0,745557,360809.0,46725.0,1726,198.0
10/30/2020,9181315,5271392.0,276455.0,98061,9396.0,235742,146986.0,11783.0,938,17.0
10/30/2021,45877309,25582764.0,4200988.0,28700,5660.0,745952,360973.0,46741.0,395,20.0
10/31/2020,9274589,5324261.0,281192.0,93274,7486.0,236673,147551.0,11832.0,931,71.0
10/31/2021,45897915,25594603.0,4203526.0,20542,2891.0,746223,361028.0,46743.0,271,10.0
11/01/2020,9416392,5368360.0,283930.0,74328,4389.0,237381,147924.0,11856.0,708,-26.0
11/01/2021,46026119,25673447.0,4213810.0,120245,14256.0,747403,361675.0,46886.0,1133,195.0
11/02/2020,9503632,5418935.0,288134.0,87240,7145.0,238126,148290.0,11883.0,745,35.0
11/02/2021,46099861,25710176.0,4224285.0,73057,16204.0,748816,362472.0,46949.0,1396,129.0
11/03/2020,9602748,5472888.0,293642.0,99116,10539.0,239182,148876.0,11957.0,1056,90.0
11/03/2021,46179882,25752594.0,4237563.0,79913,16943.0,750002,363184.0,47081.0,1433,316.0
11/04/2020,9718729,5534396.0,301484.0,115981,14270.0,240488,149623.0,12050.0,1306,134.0
11/04/2021,46268088,25801461.0,4252928.0,87987,18673.0,751177,363734.0,47135.0,1175,94.0
11/05/2020,9842522,5601786.0,308076.0,123793,12051.0,241703,150351.0,12104.0,1215,102.0
11/05/2021,46357770,25852101.0,4264153.0,89496,14928.0,752769,364664.0,47242.0,1537,-99.0
11/06/2020,9977081,5685753.0,308865.0,134559,5851.0,243006,151030.0,12212.0,1303,22.0
11/06/2021,46386722,25867076.0,4268252.0,28424,4954.0,753182,364803.0,47261.0,413,20.0
11/07/2020,10106323,5759392.0,314666.0,129242,11106.0,244083,151657.0,12291.0,1077,116.0
11/07/2021,46412699,25881875.0,4272211.0,25911,4317.0,753380,364829.0,47278.0,198,22.0
11/08/2020,10218388,5823843.0,319558.0,112065,6914.0,244961,152184.0,12343.0,878,126.0
11/08/2021,46540936,25963158.0,4283507.0,128188,15509.0,754547,365367.0,47356.0,1143,145.0
11/09/2020,10343472,5897456.0,326159.0,125084,9360.0,245926,152647.0,12397.0,965,80.0
11/09/2021,46624177,26004251.0,4296256.0,82884,18373.0,756100,366268.0,47508.0,1553,314.0
11/10/2020,10491579,5977677.0,335556.0,148107,14676.0,247631,153337.0,12930.0,1239,104.0
11/10/2021,46716629,26053987.0,4311389.0,90660,19593.0,757437,366917.0,47629.0,1249,173.0
11/11/2020,10645693,6063190.0,345403.0,154114,17243.0,249156,154240.0,13040.0,1525,81.0
11/11/2021,46787265,26087613.0,4323448.0,70046,15676.0,758369,367109.0,47673.0,921,44.0
11/12/2020,10809619,6152092.0,353806.0,163926,15536.0,250550,155032.0,13156.0,1394,143.0
11/12/2021,46912238,26158036.0,4337447.0,124828,18475.0,760186,368253.0,47797.0,1774,234.0
11/13/2020,10988160,6255116.0,363995.0,178541,19656.0,251840,155713.0,13240.0,1290,65.0
11/13/2021,46973575,26198128.0,4346465.0,45966,10263.0,760666,368353.0,47820.0,480,25.0
11/14/2020,11151951,6344644.0,371038.0,163791,14379.0,253278,156615.0,13335.0,1438,133.0
11/14/2021,47001534,26214875.0,4349523.0,27898,3467.0,760840,368379.0,47820.0,174,9.0
11/15/2020,11292012,6426595.0,376256.0,140061,9338.0,254319,157193.0,13384.0,1041,89.0
11/15/2021,47147714,26306892.0,4364869.0,146171,19956.0,761953,368975.0,47906.0,1074,212.0
11/16/2020,11444505,6516881.0,383588.0,152493,12918.0,255385,157704.0,13460.0,1066,85.0
11/16/2021,47244466,26354443.0,4379445.0,96693,20035.0,763385,369831.0,47993.0,1432,251.0
11/17/2020,11612515,6609792.0,392989.0,168010,16808.0,256995,158603.0,13578.0,1610,111.0
11/17/2021,47349730,26413970.0,4394000.0,105209,19041.0,764799,370557.0,48102.0,1236,236.0
11/18/2020,11785351,6705600.0,403145.0,172836,18827.0,258882,159678.0,13734.0,1887,153.0
11/18/2021,47474123,26477430.0,4411062.0,113709,21554.0,768693,371072.0,48161.0,1111,-228.0
11/19/2020,11975655,6810976.0,413523.0,190304,17881.0,260814,160871.0,13842.0,1932,209.0
11/19/2021,47587045,26539468.0,4426149.0,113830,19782.0,770527,372065.0,48373.0,1679,297.0
11/20/2020,12170821,6921238.0,424623.0,195166,18300.0,262821,161965.0,13985.0,2007,253.0
11/20/2021,47619380,26555636.0,4430932.0,32254,6069.0,770796,372123.0,48382.0,269,9.0
11/21/2020,12344308,7021848.0,434069.0,173487,15562.0,264526,162947.0,14101.0,1705,74.0
11/21/2021,47649156,26572532.0,4434191.0,29286,3620.0,770890,372148.0,48382.0,94,0.0
11/22/2020,12495238,7108226.0,440910.0,150930,11614.0,265837,163618.0,14207.0,1311,164.0
11/23/2020,12655967,7200804.0,449932.0,160729,14951.0,267324,164394.0,14285.0,1487,128.0
11/24/2020,12831914,7293847.0,461365.0,175947,20673.0,269238,165523.0,14419.0,1914,179.0
11/25/2020,13027468,7402366.0,473044.0,195554,21735.0,271551,166874.0,14597.0,2313,95.0
11/26/2020,13172520,7485149.0,480993.0,145052,13212.0,273230,167817.0,14709.0,1679,199.0
11/27/2020,13336917,7587452.0,489214.0,164397,12225.0,274916,168796.0,14846.0,1686,158.0
11/28/2020,13481639,7674715.0,497056.0,144722,12843.0,276430,169668.0,14977.0,1514,169.0
11/29/2020,13622986,7756305.0,503432.0,141347,11156.0,277725,170340.0,15040.0,1295,138.0
11/30/2020,13776876,7841114.0,511752.0,153890,15200.0,279371,171156.0,15177.0,1646,161.0
12/01/2020,13969439,7945263.0,526147.0,192563,24952.0,281821,172564.0,15390.0,2450,346.0
12/02/2020,14180859,8061998.0,541084.0,211420,24813.0,284640,174155.0,15598.0,2819,416.0
12/03/2020,14399801,8184022.0,553994.0,218942,22954.0,287389,175669.0,15802.0,2749,-17.0
12/04/2020,14625293,8317409.0,566936.0,225492,22117.0,290034,177183.0,16002.0,2645,109.0
12/05/2020,14831096,8439772.0,581721.0,205803,21622.0,292391,178511.0,16190.0,2357,307.0
12/06/2020,15008440,8546767.0,589285.0,177344,13787.0,293975,179393.0,16291.0,1584,173.0
12/07/2020,15194990,8661968.0,599083.0,186550,16103.0,296034,180500.0,16437.0,2059,205.0
12/08/2020,15421573,8786548.0,628978.0,226583,42658.0,298590,181803.0,16639.0,2556,3204.0
12/09/2020,15644141,8916284.0,646648.0,222568,29144.0,301990,183796.0,16870.0,3400,199.0
12/10/2020,15853032,9039411.0,659635.0,208891,22689.0,304705,185392.0,17100.0,2715,554.0
12/11/2020,16101811,9193711.0,680937.0,248779,31358.0,307916,187133.0,17375.0,3211,322.0
12/12/2020,16317938,9324647.0,695659.0,216127,22908.0,310304,188456.0,17567.0,2388,385.0
12/13/2020,16498688,9439210.0,705375.0,180750,16522.0,312352,189629.0,17667.0,2048,245.0
12/14/2020,16696302,9568165.0,717492.0,197614,18790.0,314427,190707.0,17831.0,2075,305.0
12/15/2020,16897204,9682866.0,736429.0,200902,29561.0,317224,192213.0,18069.0,2797,508.0
12/16/2020,17139151,9829187.0,756566.0,241947,31871.0,320615,194015.0,18369.0,3391,581.0
12/17/2020,17387191,9979667.0,775669.0,248040,43750.0,324005,196024.0,18619.0,3390,49.0
12/18/2020,17624674,10126372.0,793717.0,237483,29567.0,327026,197746.0,18923.0,3021,228.0
12/19/2020,17826474,10252744.0,808566.0,201800,24402.0,329682,199273.0,19072.0,2656,441.0
12/20/2020,18014519,10374178.0,817801.0,188045,15290.0,331748,200399.0,19159.0,2066,266.0
12/21/2020,18198515,10493758.0,829899.0,183996,19658.0,333958,201581.0,19352.0,2210,216.0
12/22/2020,18398209,10601881.0,852369.0,199694,34027.0,336918,203221.0,19618.0,2960,519.0
12/23/2020,18626694,10731553.0,873713.0,228485,33525.0,340129,204953.0,19918.0,3211,559.0
12/24/2020,18829065,10847663.0,890982.0,202371,26919.0,343158,206686.0,20169.0,3029,122.0
12/25/2020,18988351,10955846.0,900698.0,159286,12442.0,345349,207912.0,20321.0,2191,269.0
12/26/2020,19137550,11059083.0,909907.0,149199,13713.0,347027,208872.0,20423.0,1678,137.0
12/27/2020,19292532,11162337.0,919565.0,154982,16153.0,348895,209854.0,20529.0,1868,270.0
12/28/2020,19471528,11270860.0,932818.0,178996,23100.0,351153,211077.0,20722.0,2258,282.0
12/29/2020,19681787,11371799.0,956497.0,210259,38403.0,354551,212845.0,21031.0,3398,321.0
12/30/2020,19920673,11496620.0,985612.0,238886,44751.0,358335,214824.0,21399.0,3784,367.0
12/31/2020,20151765,11615342.0,1006856.0,231092,34845.0,362118,217030.0,21679.0,3783,637.0
